[
    {
        "title": "什么是POS系统",
        "subtitle": "了解POS系统的不同硬件组件",
        "url": "https://www.youtube.com/embed/2KTk8WMRFpE",
        "type": "video"
    },
    {
        "title": "如何使用Square Register",
        "subtitle": "了解您的Square Register和客户显示屏",
        "url": "https://www.youtube.com/embed/pEPBl0nSbJw",
        "type": "video"
    },
    {
        "title": "Square Terminal开箱",
        "subtitle": "了解更多关于Square Terminal及其功能",
        "url": "https://www.youtube.com/embed/JRFoLTUsoK4",
        "type": "video"
    },
    
    {
        "title": "POS系统电子手册",
        "url": "https://www.goodson.com.au/sitefiles/documents/spt5570_ume.pdf",
        "type": "external"
    },
    {
        "title": "POS系统快速入门指南",
        "url": "https://www.posmarket.com.my/download/POS-guide-v070214.pdf",
        "type": "external"
    },
    {
        "title": "POS80热敏打印机用户手册",
        "url": "https://www.ers-online.co.uk/files/products/files/User's%20Manual.pdf?srsltid=AfmBOopnmIGBmp8A1rz1pu5ZXcENBg-3N8tJVmC3Szp1ws0gBLKUd2VU",
        "type": "external"
    }    
]